Welcome to the MySQL monitor.  Commands end with ; or \g.
Your MySQL connection id is 52
Server version: 5.5.43-0ubuntu0.14.04.1-log (Ubuntu)

Copyright (c) 2000, 2015, Oracle and/or its affiliates. All rights reserved.

Oracle is a registered trademark of Oracle Corporation and/or its
affiliates. Other names may be trademarks of their respective
owners.

Reading history-file /home/c/.mysql_history
Type 'help;' or '\h' for help. Type '\c' to clear the current input statement.

mysql> source query.sql;
Reading table information for completion of table and column names
You can turn off this feature to get a quicker startup with -A

Database changed
--------------
SELECT name 
FROM Countries 
ORDER BY name ASC
--------------

+--------------------------------------+
| name                                 |
+--------------------------------------+
| Afghanistan                          |
| Ã…land Islands                        |
...
| Vatican City                         |
| Venezuela                            |
| Vietnam                              |
| Wallis and Futuna                    |
| Western Sahara                       |
| Yemen                                |
| Zambia                               |
| Zimbabwe                             |
+--------------------------------------+
248 rows in set (0.00 sec)

--------------
SELECT c.name 
FROM Countries c 
INNER JOIN LanguagesSpoken l ON l.countryCode = c.countryCode 
AND l.language = 'English' 
ORDER BY c.name ASC
--------------

+----------------------------------+
| name                             |
+----------------------------------+
| American Samoa                   |
| Anguilla                         |
...
| United States                    |
| United States Virgin Islands     |
| Vanuatu                          |
| Vietnam                          |
| Zambia                           |
| Zimbabwe                         |
+----------------------------------+
111 rows in set (0.00 sec)

--------------
SELECT substr(C.name,1,20) AS BordersChina
FROM Borders B,Countries C  
WHERE B.countryCode = 'CHN'
AND B.borderingCountryCode = C.countryCode
--------------

+--------------+
| BordersChina |
+--------------+
| Afghanistan  |
| Bhutan       |
| Hong Kong    |
| India        |
| Kazakhstan   |
| Kyrgyzstan   |
| Laos         |
| Macau        |
| Myanmar      |
| Mongolia     |
| Pakistan     |
| North Korea  |
| Russia       |
| Tajikistan   |
| Vietnam      |
+--------------+
15 rows in set (0.00 sec)

--------------
SELECT con.conflictId, COUNT(c.countryCode) AS TotalCountryParties
FROM Countries c
INNER JOIN ConflictParties conP ON conP.partyName = c.countryCode
INNER JOIN Conflicts con ON con.conflictId = conP.conflictId
GROUP BY con.conflictId
--------------

+------------+---------------------+
| conflictId | TotalCountryParties |
+------------+---------------------+
| 1-1-1      |                   1 |
| 1-1-2      |                   1 |
...
| 1-133-1    |                   1 |
| 1-133-2    |                   3 |
...
| 1-210-1    |                   2 |
| 1-212-1    |                   1 |
...
| 1-98-2     |                   1 |
| 1-98-3     |                   1 |
| 1-99-1     |                   1 |
+------------+---------------------+
485 rows in set (0.00 sec)

--------------
SELECT A.countryCode destCode,B.countryCode origCode,M.inYear, M.totalAmount
FROM Migrations M
INNER JOIN Countries A ON M.destCountry = A.countryNumber
INNER JOIN Countries B ON M.origCountry = B.countryNumber
ORDER BY M.inYear
--------------

+----------+----------+--------+-------------+
| destCode | origCode | inYear | totalAmount |
+----------+----------+--------+-------------+
| ZAF      | SLE      | 1990   |         384 |
| LUX      | SVN      | 1990   |          54 |
...
| GRD      | CAN      | 2010   |         225 |
| MEX      | CMR      | 2010   |          39 |
...
| HUN      | OMN      | 2015   |          16 |
| ARG      | SUR      | 2015   |           5 |
| COL      | AUS      | 2015   |         220 |
| CZE      | DNK      | 2015   |         300 |
| ZAF      | PRY      | 2015   |         121 |
| SLV      | ITA      | 2015   |         282 |
| RUS      | THA      | 2015   |         217 |
+----------+----------+--------+-------------+
41376 rows in set (0.01 sec)

--------------
(SELECT substr(C.name,1,20) as countryName
FROM TreatyParties TP
INNER JOIN Treaties T ON TP.treatyNumber = T.treatyNumber
INNER JOIN Countries C ON TP.countryNumber = C.countryNumber
WHERE T.name like 'Bi%') UNION
(SELECT substr(C.name,1,20) as countryName
FROM TreatyParties TP
INNER JOIN Treaties T ON TP.treatyNumber = T.treatyNumber
INNER JOIN Countries C ON TP.countryNumber = C.countryNumber
WHERE T.name like 'Ch%')
--------------

+-------------------------+
| countryName             |
+-------------------------+
| Afghanistan             |
| Albania                 |
...
| Micronesia              |
| Somalia                 |
| Syria                   |
| Tuvalu                  |
| Tanzania                |
| Samoa                   |
+-------------------------+
193 rows in set (0.00 sec)

--------------
SELECT r.region, COUNT(countryCode) AS TotalCountries 
FROM Countries c 
INNER JOIN Regions r ON r.subRegion = c.subregion 
GROUP BY r.region
--------------

+----------+----------------+
| region   | TotalCountries |
+----------+----------------+
| Africa   |             58 |
| Americas |             56 |
| Asia     |             50 |
| Europe   |             53 |
| Oceania  |             27 |
+----------+----------------+
5 rows in set (0.00 sec)

--------------
SELECT substr(c.name,1,20) AS CountryName, substr(l.name,1,25) AS LeaderName, substr(l.type,1,20) 
FROM Countries c 
INNER JOIN LeaderOf lo ON lo.countryCode = c.countryCode 
INNER JOIN Leaders l ON l.name = lo.leaderName 
ORDER BY c.name ASC
--------------

+-------------------------+---------------------------+---------------------+
| CountryName             | LeaderName                | substr(l.type,1,20) |
+-------------------------+---------------------------+---------------------+
| Afghanistan             | President of the Islamic  | Chief of State      |
| Afghanistan             | President of the Islamic  | Head of Government  |
| Albania                 | President of the Republic | Chief of State      |
| Albania                 | Prime Minister Edi Rama   | Head of Government  |
...
| Isle of Man             | Chief Minister Allan BELL | Head of Government  |
| Isle of Man             | Lord of Mann Queen ELIZAB | Chief of State      |
| Israel                  | President Shimon PERES    | Chief of State      |
| Israel                  | Prime Minister Binyamin N | Head of Government  |
...
| United Kingdom          | Prime Minister David CAME | Head of Government  |
| United Kingdom          | Queen ELIZABETH II        | Chief of State      |
| United States           | President Barack H. OBAMA | Chief of State      |
| United States           | President Barack H. OBAMA | Head of Government  |
| United States Virgin    | Governor John DeJONGH     | Head of Government  |
...
| Zambia                  | President Michael Chilufy | Head of Government  |
| Zimbabwe                | Executive President Rober | Chief of State      |
| Zimbabwe                | Executive President Rober | Head of Government  |
+-------------------------+---------------------------+---------------------+
474 rows in set (0.00 sec)

--------------
SELECT DISTINCT R1.region, R2.region, T.type, SUM(T.total)
FROM TradesWith T
INNER JOIN Countries C1 ON T.countryCode = C1.countryCode
INNER JOIN Countries C2 ON T.partnerCountryCode = C2.countryCode
INNER JOIN Regions R1 ON C1.subregion = R1.subRegion
INNER JOIN Regions R2 ON C2.subregion = R2.subRegion
WHERE R1.region < R2.region
GROUP BY R1.region, R2.region, type
--------------

+----------+----------+--------+--------------------+
| region   | region   | type   | SUM(T.total)       |
+----------+----------+--------+--------------------+
| Africa   | Americas | Export |            7865.48 |
| Africa   | Americas | Import |            8624.93 |
| Africa   | Asia     | Export | 25165.120000000003 |
| Africa   | Asia     | Import |  62209.37000000001 |
| Africa   | Europe   | Export | 51772.549999999996 |
| Africa   | Europe   | Import |           38168.57 |
| Africa   | Oceania  | Export |                  0 |
| Africa   | Oceania  | Import |                  0 |
| Americas | Asia     | Export | 319135.17000000004 |
| Americas | Asia     | Import |          852324.09 |
| Americas | Europe   | Export |           94622.89 |
| Americas | Europe   | Import | 172847.31999999998 |
| Americas | Oceania  | Export |                  0 |
| Asia     | Europe   | Export | 160956.97999999998 |
| Asia     | Europe   | Import |           66322.33 |
| Asia     | Oceania  | Export |             795.49 |
| Asia     | Oceania  | Import |           48320.88 |
| Europe   | Oceania  | Import |                  0 |
+----------+----------+--------+--------------------+
18 rows in set (0.00 sec)

--------------
SELECT substr(name,1,20) as countryName 
FROM Countries c 
INNER JOIN WorldBankStats wbs ON wbs.countryCode = c.countryCode 
WHERE wbs.statType = 'population'
AND wbs.amount = (SELECT MAX(amount) FROM WorldBankStats WHERE statType = 'population')
--------------

+-------------+
| countryName |
+-------------+
| China       |
+-------------+
1 row in set (0.00 sec)

